{
    "timeline": {
        "top": [
            {
                "color": "red",
                "duration": 0
            },
            {
                "color": "green",
                "duration": 20
            },
            {
                "color": "yellow",
                "duration": 5
            },
            {
                "color": "red",
                "duration": 75
            }
        ],
        "right": [
            {
                "color": "red",
                "duration": 25
            },
            {
                "color": "green",
                "duration": 20
            },
            {
                "color": "yellow",
                "duration": 5
            },
            {
                "color": "red",
                "duration": 50
            }
        ],
        "bottom": [
            {
                "color": "red",
                "duration": 50
            },
            {
                "color": "green",
                "duration": 20
            },
            {
                "color": "yellow",
                "duration": 5
            },
            {
                "color": "red",
                "duration": 25
            }
        ],
        "left": [
            {
                "color": "red",
                "duration": 75
            },
            {
                "color": "green",
                "duration": 20
            },
            {
                "color": "yellow",
                "duration": 5
            },
            {
                "color": "red",
                "duration": 0
            }
        ]
    }
}